2025-09-17_14-09-52,None,draft.py:2025-09-17_14-09-52
2025-09-17_14-41-02,None,draft.py:2025-09-17_14-41-02
2025-09-17_14-44-49,None,draft.py:2025-09-17_14-44-49
2025-09-19_20-25-04,None,draft.py:2025-09-19_20-25-04
2025-09-19_20-25-23,None,draft.py:2025-09-19_20-25-04
2025-09-19_20-25-33,None,draft.py:2025-09-19_20-25-04
2025-09-19_20-25-33,None,draft.py:2025-09-19_20-25-04
2025-09-19_20-27-06,None,draft.py:2025-09-19_20-25-04
2025-09-19_20-27-07,None,draft.py:2025-09-19_20-25-04
2025-09-19_20-27-08,None,draft.py:2025-09-19_20-25-04
2025-09-19_20-27-08,None,draft.py:2025-09-19_20-25-04
2025-09-19_20-27-08,None,draft.py:2025-09-19_20-25-04
2025-09-19_20-27-09,None,draft.py:2025-09-19_20-25-04
2025-09-19_20-27-09,None,draft.py:2025-09-19_20-25-04
2025-09-19_20-27-19,None,draft.py:2025-09-19_20-25-04
2025-09-19_20-29-54,None,draft.py:2025-09-19_20-29-54
2025-09-19_20-33-05,None,draft.py:2025-09-19_20-33-05
2025-09-21_10-19-09,None,draft.py:2025-09-19_20-33-05
2025-09-23_10-08-45,None,draft.py:2025-09-23_10-08-45
2025-09-23_10-09-12,None,draft.py:2025-09-23_10-08-45
2025-09-23_10-09-19,None,draft.py:2025-09-23_10-08-45
2025-09-23_10-09-19,None,draft.py:2025-09-23_10-08-45
2025-09-23_10-09-20,None,draft.py:2025-09-23_10-08-45
2025-09-23_10-09-21,None,draft.py:2025-09-23_10-08-45
2025-09-23_10-09-22,None,draft.py:2025-09-23_10-08-45
2025-09-23_10-09-22,None,draft.py:2025-09-23_10-08-45
2025-09-23_10-09-22,None,draft.py:2025-09-23_10-08-45
2025-09-23_10-10-40,None,draft.py:2025-09-23_10-08-45
2025-09-23_10-15-09,None,draft.py:2025-09-23_10-08-45
2025-09-23_10-15-30,None,draft.py:2025-09-23_10-15-30
2025-09-23_10-15-56,None,draft.py:2025-09-23_10-15-30
2025-09-23_10-16-01,None,draft.py:2025-09-23_10-15-30
2025-09-23_10-16-20,None,draft.py:2025-09-23_10-15-30
2025-09-23_10-16-20,None,draft.py:2025-09-23_10-15-30
2025-09-23_10-17-00,None,draft.py:2025-09-23_10-15-30
2025-09-23_10-17-08,None,draft.py:2025-09-23_10-15-30
2025-09-23_10-18-35,None,draft.py:2025-09-23_10-15-30
2025-09-23_10-31-59,None,draft.py:2025-09-23_10-15-30
2025-09-23_10-32-00,None,draft.py:2025-09-23_10-15-30
2025-09-23_10-32-00,None,draft.py:2025-09-23_10-15-30
2025-09-23_10-32-01,None,draft.py:2025-09-23_10-15-30
2025-09-23_10-32-01,None,draft.py:2025-09-23_10-15-30
2025-09-23_10-32-02,None,draft.py:2025-09-23_10-15-30
2025-09-23_10-37-13,None,draft.py:2025-09-23_10-37-13
2025-09-23_10-37-15,None,draft.py:2025-09-23_10-37-13
2025-09-23_10-37-15,None,draft.py:2025-09-23_10-37-13
2025-09-23_10-37-16,None,draft.py:2025-09-23_10-37-13
2025-09-23_10-38-30,None,draft.py:2025-09-23_10-37-13
2025-09-23_10-46-08,None,draft.py:2025-09-23_10-37-13
2025-09-23_10-47-30,None,draft.py:2025-09-23_10-37-13
2025-09-23_10-47-31,None,draft.py:2025-09-23_10-37-13
2025-09-23_10-47-32,None,draft.py:2025-09-23_10-37-13
2025-09-23_10-47-39,None,draft.py:2025-09-23_10-37-13
2025-09-23_10-48-01,None,draft.py:2025-09-23_10-37-13
2025-09-23_10-48-02,None,draft.py:2025-09-23_10-37-13
2025-09-23_10-48-02,None,draft.py:2025-09-23_10-37-13
2025-09-23_10-48-03,None,draft.py:2025-09-23_10-37-13
2025-09-23_10-48-03,None,draft.py:2025-09-23_10-37-13
2025-09-23_10-48-03,None,draft.py:2025-09-23_10-37-13
2025-09-23_10-48-04,None,draft.py:2025-09-23_10-37-13
2025-09-23_10-48-07,None,draft.py:2025-09-23_10-37-13
2025-09-23_10-48-14,None,draft.py:2025-09-23_10-37-13
2025-09-23_10-50-53,None,draft.py:2025-09-23_10-37-13
2025-09-23_10-50-54,None,draft.py:2025-09-23_10-37-13
2025-09-23_10-50-55,None,draft.py:2025-09-23_10-37-13
2025-09-23_10-53-38,None,draft.py:2025-09-23_10-53-38
2025-09-23_10-53-38,None,draft.py:2025-09-23_10-53-38
2025-09-23_10-53-39,None,draft.py:2025-09-23_10-53-39
2025-09-23_10-53-39,None,draft.py:2025-09-23_10-53-39
2025-09-23_10-53-39,None,draft.py:2025-09-23_10-53-39
2025-09-23_10-53-40,None,draft.py:2025-09-23_10-53-39
2025-09-23_10-53-52,None,draft.py:2025-09-23_10-53-39
2025-09-23_15-44-30,None,draft.py:2025-09-23_15-44-30
2025-09-23_15-44-33,None,draft.py:2025-09-23_15-44-30
2025-09-23_15-44-33,None,draft.py:2025-09-23_15-44-30
2025-09-23_15-44-34,None,draft.py:2025-09-23_15-44-30
2025-09-23_15-44-34,None,draft.py:2025-09-23_15-44-30
2025-09-23_15-44-34,None,draft.py:2025-09-23_15-44-30
2025-09-23_15-45-43,None,draft.py:2025-09-23_15-45-43
2025-09-23_15-45-43,None,draft.py:2025-09-23_15-45-43
2025-09-23_15-46-01,None,draft.py:2025-09-23_15-46-01
2025-09-23_15-46-58,None,draft.py:2025-09-23_15-46-58
2025-09-23_15-46-59,None,draft.py:2025-09-23_15-46-58
2025-09-23_15-46-59,None,draft.py:2025-09-23_15-46-58
2025-09-23_15-47-00,None,draft.py:2025-09-23_15-46-58
2025-09-23_15-47-00,None,draft.py:2025-09-23_15-46-58
2025-09-23_15-47-00,None,draft.py:2025-09-23_15-46-58
2025-09-23_15-47-00,None,draft.py:2025-09-23_15-46-58
2025-09-23_15-47-00,None,draft.py:2025-09-23_15-46-58
2025-09-23_15-47-01,None,draft.py:2025-09-23_15-46-58
2025-09-23_15-47-01,None,draft.py:2025-09-23_15-46-58
2025-09-23_15-47-01,None,draft.py:2025-09-23_15-46-58
2025-09-23_15-47-01,None,draft.py:2025-09-23_15-46-58
2025-09-23_15-47-01,None,draft.py:2025-09-23_15-46-58
2025-09-23_15-47-02,None,draft.py:2025-09-23_15-46-58
2025-09-23_15-47-11,None,draft.py:2025-09-23_15-46-58
2025-09-23_15-47-15,None,draft.py:2025-09-23_15-46-58
2025-09-23_15-47-16,None,draft.py:2025-09-23_15-46-58
2025-09-23_15-47-16,None,draft.py:2025-09-23_15-46-58
2025-09-23_15-47-16,None,draft.py:2025-09-23_15-46-58
2025-09-23_15-47-17,None,draft.py:2025-09-23_15-46-58
2025-09-23_15-47-17,None,draft.py:2025-09-23_15-46-58
2025-09-23_15-47-17,None,draft.py:2025-09-23_15-46-58
2025-09-23_15-47-18,None,draft.py:2025-09-23_15-46-58
2025-09-23_16-00-40,None,draft.py:2025-09-23_16-00-40
2025-09-23_16-00-41,None,draft.py:2025-09-23_16-00-40
2025-09-23_16-00-41,None,draft.py:2025-09-23_16-00-40
2025-09-23_16-00-42,None,draft.py:2025-09-23_16-00-40
2025-09-23_16-00-42,None,draft.py:2025-09-23_16-00-40
2025-09-23_16-00-42,None,draft.py:2025-09-23_16-00-40
2025-09-23_16-00-42,None,draft.py:2025-09-23_16-00-40
2025-09-23_16-00-44,None,draft.py:2025-09-23_16-00-40
2025-09-24_08-15-16,None,draft.py:2025-09-23_16-00-40
2025-09-24_08-28-44,None,draft.py:2025-09-23_16-00-40
2025-09-24_08-28-46,None,draft.py:2025-09-23_16-00-40
2025-09-24_08-28-46,None,draft.py:2025-09-23_16-00-40
2025-09-24_08-28-47,None,draft.py:2025-09-23_16-00-40
2025-09-24_08-28-47,None,draft.py:2025-09-23_16-00-40
