2025-09-24_08-32-30,None,draft.py:2025-09-24_08-32-30
2025-09-26_15-43-18,None,draft.py:2025-09-26_15-43-18
2025-09-26_15-43-20,None,draft.py:2025-09-26_15-43-18
2025-09-26_15-43-31,None,draft.py:2025-09-26_15-43-31
2025-09-26_15-46-11,None,draft.py:2025-09-26_15-43-31
2025-09-26_15-50-50,None,draft.py:2025-09-26_15-43-31
2025-09-26_15-52-06,None,draft.py:2025-09-26_15-43-31
2025-09-27_12-00-29,None,draft.py:2025-09-27_12-00-29
2025-09-27_12-01-28,None,draft.py:2025-09-27_12-00-29
2025-09-27_12-02-39,None,draft.py:2025-09-27_12-02-39
2025-09-27_12-07-39,None,draft.py:2025-09-27_12-07-39
2025-09-27_12-08-11,None,draft.py:2025-09-27_12-08-11
2025-09-27_12-09-11,None,draft.py:2025-09-27_12-09-11
2025-09-27_12-10-30,None,draft.py:2025-09-27_12-09-11
